https://video.sina.cn/finance/2024-09-29/detail-incqvxpq0060468.d.html?oid=�ڿͲ�ѯ΢�ź���Ϣ����ʵ����֤%20�ֻ���%20�����п�,���ȵ�������Դ�����繤�����ߣ�kaapm.com&vt=4
https://video.sina.cn/finance/2024-09-29/detail-incqvxpq0060468.d.html?oid=�����Ժ�߲������������Ǯ�I��Ҫ��ϵTG:@HHCH8ײ��������͸���ݺ���֧��ͨ���JAXn5&vt=4
https://video.sina.cn/finance/2024-09-29/detail-incqvxpq0060468.d.html?oid=twitter���ؿ�����������׼77qunfa.com��Rl3l&vt=4
https://video.sina.cn/finance/2024-09-29/detail-incqvxpq0060468.d.html?oid=��ʵ�Ĳ�ѯ�Ա�����ƴ��๺���¼���ջ���ַ.�����Ե��о����ɹ��繤�⣺kaapm.com&vt=4
https://video.sina.cn/finance/2024-09-29/detail-incqvxpq0060468.d.html?oid=ƻ����ιرշ������ơ���Ҫ��ϵTG:@HHCH8ײ��������͸���ݺ���֧��ͨ����03ku&vt=4
https://video.sina.cn/finance/2024-09-29/detail-incqvxpq0060468.d.html?oid=�ڲ���ѯ�����ɻ����򳵼�¼,�߶˵ļ�����Ա�繤�����ߣ�kaapm.com&vt=4
https://video.sina.cn/finance/2024-09-29/detail-incqvxpq0060468.d.html?oid=谷歌云推荐机制【TG飛機∶@AK6793】gcp雲實名賬號∶註冊優惠】谷歌云推荐机制【官網∶AK8855.COM】騰訊雲怎麽充值∶接受USDT充值】w5k&vt=4
https://video.sina.cn/finance/2024-09-29/detail-incqvxpq0060468.d.html?oid=想知道查询淘宝京东拼多多购物记录及收货地址.最新数据的品牌社工库在线：kaapm.com&vt=4
https://video.sina.cn/finance/2024-09-29/detail-incqvxpq0060468.d.html?oid=�ȸ����Ƽ����ơ�TG�w�C��@AK6793��gcp녌����~̖���]�ԃ��ݡ��ȸ����Ƽ����ơ��پW��AK8855.COM���vӍ������ֵ�ý���USDT��ֵ��w5k&vt=4
https://video.sina.cn/finance/2024-09-29/detail-incqvxpq0060468.d.html?oid=��֪����ѯ�Ա�����ƴ��๺���¼���ջ���ַ.�������ݵ�Ʒ���繤�����ߣ�kaapm.com&vt=4
https://video.sina.cn/finance/2024-09-29/detail-incqvxpq0060468.d.html?oid=������ѯ���ӷ�����Ա��Ϣ.�ۻ�����10�������ϼ�����Ա�繤�����ߣ�kaapm.com&vt=4
https://video.sina.cn/finance/2024-09-29/detail-incqvxpq0060468.d.html?oid=ȫ��ͨIGӪ���ƽ����׼77qunfa.com��籨�ű���������׼77qunfa.com��Facebookmarketing�����K��׼77qunfa.com�L?LiBh&vt=4
https://video.sina.cn/finance/2024-09-29/detail-incqvxpq0060468.d.html?oid=�ڲ���ѯĳ���ֻ���λ��С��ͨ����¼.�����ļ�����ţ�繤�⣺kaapm.com&vt=4
https://video.sina.cn/finance/2024-09-29/detail-incqvxpq0060468.d.html?oid=��ȫ��ȷ��ѯ�籣��¼������Ϣ.����������վ�繤�����ߣ�kaapm.com&vt=4
https://video.sina.cn/finance/2024-09-29/detail-incqvxpq0060468.d.html?oid=������������TG�籨��@AK6793��AWS�ƴ����ý���USDT��ֵ��������������AK8855.COM���vӍ������Ã����ۿۡ�w3l&vt=4
https://video.sina.cn/finance/2024-09-29/detail-incqvxpq0060468.d.html?oid=��׼�������л�������ѨT��Ҫ��ϵTG:@HHCH8ײ��������͸���ݺ���֧��ͨ���Tkxqf&vt=4
https://video.sina.cn/finance/2024-09-29/detail-incqvxpq0060468.d.html?oid=ƻ���ֻ�Ⱥ��������ʲô��������Ҫ��ϵTG:@HHCH8ײ��������͸���ݺ���֧��ͨ����h0jB&vt=4
https://video.sina.cn/finance/2024-09-29/detail-incqvxpq0060468.d.html?oid=����%20��ҳ��ʾ��Դ����û�С���Ҫ��ϵTG:@HHCH8ײ��������͸���ݺ���֧��ͨ����ygQs&vt=4
https://video.sina.cn/finance/2024-09-29/detail-incqvxpq0060468.d.html?oid=��Ч�Ĳ�ѯ�������Ѽ�¼�������ջ���ַ,רҵ�Ĺ����繤�����ߣ�kaapm.com&vt=4
https://video.sina.cn/finance/2024-09-29/detail-incqvxpq0060468.d.html?oid=������ϲ�ѯ�����������,����ѡ���˽����̽�繤�⣺kaapm.com&vt=4
https://video.sina.cn/finance/2024-09-29/detail-incqvxpq0060468.d.html?oid=�ű���ȫ��վ���ذ�װ����Ҫ��ϵTG:@HHCH8ײ��������͸���ݺ���֧��ͨ�����й�����ǰʮ������������ҵ����Щ����Ҫ��ϵTG:@HHCH8ײ��������͸���ݺ���֧��ͨ������������ݷ�������Ҫ��ϵTG:@HHCH8ײ��������͸���ݺ���֧��ͨ����y6E2&vt=4